{
  "rmse": 88.81560697032972,
  "mae": 72.7022174866213,
  "r2": 0.5352121951754976,
  "mape": 28.878796502918497,
  "params": [
    3,
    0,
    2
  ],
  "training_time": 5
}