{
  "rmse": 48.4073304367289,
  "mae": 37.486920539348645,
  "r2": 0.8619302896066374,
  "mape": 12.266132138728231,
  "training_time": 0.673654317855835
}