{"rmse": 132.0997487451445, "mae": 116.47473121691091, "r2": -0.023427843825675865, "training_time": 15}